{
  "pages": [
    {
      "path": "pages/login/index",
      "style": {
        "navigationBarTitleText": "Sif"
        // "navigationStyle": "custom"
      }
    },
    {
      "path": "pages/home/index",
      "style": {
        "navigationBarTitleText": "Sif"
      }
    }
  ],
  "subPackages": [{
		"root": "subpackages",
		"pages": [{
			"path": "agree/pages/index",
			"style": { 
                "navigationBarTitleText": "Sif"
            }
		}]
	}],
    "preloadRule": {
		"pages/login/index": {
			"network": "all",
			"packages": ["subpackages"]
		}
	},
  "globalStyle": {
    "navigationBarTextStyle": "black",
    "navigationBarTitleText": "Sif",
    "navigationBarBackgroundColor": "#F8F8F8",
    "backgroundColor": "#F8F8F8"
  },
  "uniIdRouter": {},
  "tabBar": {
    "color": "#181818",
    "selectedColor": "#009F52",
    "height":"70px",
    "borderStyle": "white",
    "backgroundColor": "#f0f0f0",
    "list": [
      {
        "pagePath": "pages/login/index",
        "text": "我的",
        "iconPath": "static/tabBar/home.png",
        "selectedIconPath": "static/tabBar/home-active.png"
      },
      {
        "pagePath": "pages/home/index",
        "text": "订阅",
        "iconPath": "static/logo.png",
        "selectedIconPath": "static/logo.png"
      }
    ]
  }
}
